{"F1Score": [0.6395906805992126, 0.7791471481323242, 0.8265201449394226, 0.8543020486831665, 0.8747670650482178, 0.8917612433433533, 0.9076413512229919, 0.9162975549697876, 0.924056351184845, 0.9338613748550415, 0.9401711225509644, 0.9443134069442749, 0.948495090007782, 0.9529938101768494, 0.9567539095878601, 0.958463191986084, 0.9605543613433838, 0.9571255445480347, 0.9599061608314514, 0.9610527157783508], "Precision": [0.6030262112617493, 0.7571825981140137, 0.8114546537399292, 0.8429362177848816, 0.8660080432891846, 0.88498455286026, 0.9025541543960571, 0.9119642376899719, 0.9205614924430847, 0.9311595559120178, 0.9379435181617737, 0.9423828721046448, 0.946790874004364, 0.9516053199768066, 0.9555444121360779, 0.9573264122009277, 0.9595147967338562, 0.9559820890426636, 0.9588583111763, 0.9600775241851807], "Recall": [0.6030262112617493, 0.7571825981140137, 0.8114546537399292, 0.8429362177848816, 0.8660080432891846, 0.88498455286026, 0.9025541543960571, 0.9119642376899719, 0.9205614924430847, 0.9311595559120178, 0.9379435181617737, 0.9423828721046448, 0.946790874004364, 0.9516053199768066, 0.9555444121360779, 0.9573264122009277, 0.9595147967338562, 0.9559820890426636, 0.9588583111763, 0.9600775241851807], "accuracy": [0.6030262112617493, 0.7571825981140137, 0.8114546537399292, 0.8429362177848816, 0.8660080432891846, 0.88498455286026, 0.9025541543960571, 0.9119642376899719, 0.9205614924430847, 0.9311595559120178, 0.9379435181617737, 0.9423828721046448, 0.946790874004364, 0.9516053199768066, 0.9555444121360779, 0.9573264122009277, 0.9595147967338562, 0.9559820890426636, 0.9588583111763, 0.9600775241851807], "loss": [0.6727989315986633, 0.4577414393424988, 0.3816509544849396, 0.327443927526474, 0.2891816794872284, 0.2587687373161316, 0.23303712904453278, 0.20843777060508728, 0.19100509583950043, 0.1756398230791092, 0.16203831136226654, 0.15090565383434296, 0.13980206847190857, 0.1309187412261963, 0.12749038636684418, 0.11869850009679794, 0.11386249214410782, 0.12260249257087708, 0.11455654352903366, 0.11267358064651489], "val_F1Score": [0.8538435697555542, 0.8726360201835632, 0.8759928941726685, 0.8357853889465332, 0.9103764295578003, 0.8148300647735596, 0.846855878829956, 0.915873646736145, 0.661365270614624, 0.7800675630569458, 0.777839720249176, 0.9181255102157593, 0.8392478823661804, 0.9138688445091248, 0.9201158285140991, 0.9157032370567322, 0.9131518006324768, 0.9159595370292664, 0.9499033689498901, 0.9432410001754761], "val_Precision": [0.8533632755279541, 0.8758267760276794, 0.8695869445800781, 0.8201672434806824, 0.906776487827301, 0.7958317995071411, 0.8323973417282104, 0.9132659435272217, 0.6291027069091797, 0.7563958764076233, 0.7538999319076538, 0.9213777780532837, 0.82353675365448, 0.9083988666534424, 0.9153875112533569, 0.910395622253418, 0.9075253009796143, 0.9106451869010925, 0.9485835433006287, 0.9409708976745605], "val_Recall": [0.8533632755279541, 0.8758267760276794, 0.8695869445800781, 0.8201672434806824, 0.906776487827301, 0.7958317995071411, 0.8323973417282104, 0.9132659435272217, 0.6291027069091797, 0.7563958764076233, 0.7538999319076538, 0.9213777780532837, 0.82353675365448, 0.9083988666534424, 0.9153875112533569, 0.910395622253418, 0.9075253009796143, 0.9106451869010925, 0.9485835433006287, 0.9409708976745605], "val_accuracy": [0.8533632755279541, 0.8758267760276794, 0.8695869445800781, 0.8201672434806824, 0.906776487827301, 0.7958317995071411, 0.8323973417282104, 0.9132659435272217, 0.6291027069091797, 0.7563958764076233, 0.7538999319076538, 0.9213777780532837, 0.82353675365448, 0.9083988666534424, 0.9153875112533569, 0.910395622253418, 0.9075253009796143, 0.9106451869010925, 0.9485835433006287, 0.9409708976745605], "val_loss": [0.4009111523628235, 0.2893892526626587, 0.3026215732097626, 0.4033956527709961, 0.22884003818035126, 0.4982655942440033, 0.4252738356590271, 0.22354145348072052, 1.2952582836151123, 0.667612612247467, 0.721914529800415, 0.2299606204032898, 0.49887311458587646, 0.2632092535495758, 0.2433217465877533, 0.24610765278339386, 0.26779794692993164, 0.2565085291862488, 0.14818625152111053, 0.1755593717098236], "learning_rate": [9.999999747378752e-05, 9.999999747378752e-05, 9.999999747378752e-05, 9.999999747378752e-05, 9.999999747378752e-05, 9.999999747378752e-05, 9.999999747378752e-05, 9.999999747378752e-05, 9.999999747378752e-05, 9.999999747378752e-05, 9.999999747378752e-05, 9.999999747378752e-05, 4.999999873689376e-05, 4.999999873689376e-05, 4.999999873689376e-05, 2.499999936844688e-05, 2.499999936844688e-05, 2.499999936844688e-05, 1.249999968422344e-05, 1.249999968422344e-05]}